-- MySQL dump 10.16  Distrib 10.1.21-MariaDB, for Win32 (AMD64)
--
-- Host: localhost    Database: localhost
-- ------------------------------------------------------
-- Server version	10.1.21-MariaDB

/*!40101 SET @OLD_CHARACTER_SET_CLIENT=@@CHARACTER_SET_CLIENT */;
/*!40101 SET @OLD_CHARACTER_SET_RESULTS=@@CHARACTER_SET_RESULTS */;
/*!40101 SET @OLD_COLLATION_CONNECTION=@@COLLATION_CONNECTION */;
/*!40101 SET NAMES utf8 */;
/*!40103 SET @OLD_TIME_ZONE=@@TIME_ZONE */;
/*!40103 SET TIME_ZONE='+00:00' */;
/*!40014 SET @OLD_UNIQUE_CHECKS=@@UNIQUE_CHECKS, UNIQUE_CHECKS=0 */;
/*!40014 SET @OLD_FOREIGN_KEY_CHECKS=@@FOREIGN_KEY_CHECKS, FOREIGN_KEY_CHECKS=0 */;
/*!40101 SET @OLD_SQL_MODE=@@SQL_MODE, SQL_MODE='NO_AUTO_VALUE_ON_ZERO' */;
/*!40111 SET @OLD_SQL_NOTES=@@SQL_NOTES, SQL_NOTES=0 */;

--
-- Table structure for table `bnpairs`
--

DROP TABLE IF EXISTS `bnpairs`;
/*!40101 SET @saved_cs_client     = @@character_set_client */;
/*!40101 SET character_set_client = utf8 */;
CREATE TABLE `bnpairs` (
  `PID` int(11) NOT NULL,
  `PBarrier` int(11) NOT NULL,
  `PBarrierName` varchar(100) DEFAULT NULL,
  `PNet` int(11) NOT NULL,
  `PNetName` varchar(100) DEFAULT NULL,
  PRIMARY KEY (`PID`),
  KEY `FID_idx` (`PBarrier`),
  KEY `FIDBarrier_idx` (`PNet`),
  CONSTRAINT `fk_bar_in_bnpairs` FOREIGN KEY (`PBarrier`) REFERENCES `fighters` (`FID`) ON UPDATE CASCADE,
  CONSTRAINT `fk_net_in_bnpairs` FOREIGN KEY (`PNet`) REFERENCES `fighters` (`FID`) ON UPDATE CASCADE
) ENGINE=InnoDB DEFAULT CHARSET=utf8;
/*!40101 SET character_set_client = @saved_cs_client */;

--
-- Dumping data for table `bnpairs`
--

LOCK TABLES `bnpairs` WRITE;
/*!40000 ALTER TABLE `bnpairs` DISABLE KEYS */;
INSERT INTO `bnpairs` VALUES (13,1,'AYAKA HAMASAKI',3,'JINH YU FREY'),(18,2,'JODIE ESQUIBEL',3,'JINH YU FREY'),(34,1,'AYAKA HAMASAKI',6,'HERICA TIBURCIO'),(51,3,'JINH YU FREY',6,'HERICA TIBURCIO'),(64,1,'AYAKA HAMASAKI',9,'MEI YAMAGUCHI'),(100,4,'ANGELA LEE',9,'MEI YAMAGUCHI'),(114,5,'ISTELA NUNES',9,'MEI YAMAGUCHI'),(145,7,'GINA INIONG',9,'MEI YAMAGUCHI'),(146,6,'HERICA TIBURCIO',10,'MICHELLE WATERSON'),(169,1,'AYAKA HAMASAKI',16,'NAHO SUGIYAMA'),(188,1,'AYAKA HAMASAKI',17,'AMBER BROWN'),(201,8,'SEOHEE HAM',11,'SADAE SUZUMURA'),(243,9,'MEI YAMAGUCHI',12,'MINA KUROBE'),(316,8,'SEOHEE HAM',16,'NAHO SUGIYAMA'),(339,11,'SADAE SUZUMURA',14,'CELINE HAGA'),(340,10,'MICHELLE WATERSON',15,'JESSICA PENNE'),(371,6,'HERICA TIBURCIO',20,'TESSA SIMPSON'),(422,12,'MINA KUROBE',16,'NAHO SUGIYAMA'),(481,14,'CELINE HAGA',16,'NAHO SUGIYAMA'),(482,13,'ASHLEY CUMMINS',17,'AMBER BROWN'),(487,8,'SEOHEE HAM',22,'HISAE WATANABE'),(512,15,'JESSICA PENNE',16,'NAHO SUGIYAMA'),(582,12,'MINA KUROBE',21,'TOMO MAESAWA'),(613,16,'NAHO SUGIYAMA',18,'KIKUYO ISHIKAWA'),(623,6,'HERICA TIBURCIO',28,'SIMONA SOUKUPOVA'),(648,17,'AMBER BROWN',18,'KIKUYO ISHIKAWA'),(801,18,'KIKUYO ISHIKAWA',21,'TOMO MAESAWA'),(805,14,'CELINE HAGA',25,'ALYSSA GARCIA'),(807,12,'MINA KUROBE',27,'EMI TOMIMATSU'),(973,16,'NAHO SUGIYAMA',27,'EMI TOMIMATSU'),(1015,19,'JULIA JONES',25,'ALYSSA GARCIA'),(1105,22,'HISAE WATANABE',24,'YI JE LEE'),(1119,8,'SEOHEE HAM',38,'SAORI ISHIOKA'),(1203,21,'TOMO MAESAWA',27,'EMI TOMIMATSU'),(1204,20,'TESSA SIMPSON',28,'SIMONA SOUKUPOVA'),(1255,19,'JULIA JONES',30,'PAULINA GRANADOS'),(1305,20,'TESSA SIMPSON',30,'PAULINA GRANADOS'),(1313,12,'MINA KUROBE',38,'SAORI ISHIOKA'),(1321,4,'ANGELA LEE',46,'JENNY HUANG'),(1572,23,'JANAISA MORANDIN',32,'ARIELLE SOUZA'),(1637,15,'JESSICA PENNE',41,'LISA ELLIS'),(1744,25,'ALYSSA GARCIA',33,'KANNA ASAKURA'),(1753,16,'NAHO SUGIYAMA',42,'AYUMI SAITO'),(1807,22,'HISAE WATANABE',37,'SATOKO SHINASHI'),(1810,19,'JULIA JONES',40,'STEPHANIE SKINNER'),(1928,24,'YI JE LEE',37,'SATOKO SHINASHI'),(1944,8,'SEOHEE HAM',53,'MISAKI TAKIMOTO'),(1987,28,'SIMONA SOUKUPOVA',34,'CASSIE RODISH'),(2003,12,'MINA KUROBE',50,'HANA DATE'),(2005,10,'MICHELLE WATERSON',52,'YASUKO TAMADA'),(2119,25,'ALYSSA GARCIA',39,'KAIYANA RAIN'),(2183,27,'EMI TOMIMATSU',38,'SAORI ISHIOKA'),(2251,26,'GRACE CLEVELAND',40,'STEPHANIE SKINNER'),(2268,9,'MEI YAMAGUCHI',57,'SATOMI TAKANO'),(2398,16,'NAHO SUGIYAMA',52,'YASUKO TAMADA'),(2468,16,'NAHO SUGIYAMA',53,'MISAKI TAKIMOTO'),(2472,12,'MINA KUROBE',57,'SATOMI TAKANO'),(2537,18,'KIKUYO ISHIKAWA',52,'YASUKO TAMADA'),(2625,2,'JODIE ESQUIBEL',69,'LIZ McCARTHY'),(2697,3,'JINH YU FREY',69,'LIZ McCARTHY'),(2758,16,'NAHO SUGIYAMA',57,'SATOMI TAKANO'),(2825,24,'YI JE LEE',50,'HANA DATE'),(2835,14,'CELINE HAGA',60,'CATHERINE COSTIGAN'),(3048,32,'ARIELLE SOUZA',45,'BIANCA SATTELMAYER'),(3060,20,'TESSA SIMPSON',57,'SATOMI TAKANO'),(3063,17,'AMBER BROWN',60,'CATHERINE COSTIGAN'),(3102,57,'SATOMI TAKANO',21,'TOMO MAESAWA'),(3209,30,'PAULINA GRANADOS',49,'STEPHANIE ALBA'),(3289,31,'ALESHA ZAPPITELLA',49,'STEPHANIE ALBA'),(3291,29,'BI NGUYEN',51,'JAYME HINSHAW'),(3387,15,'JESSICA PENNE',66,'AMY DAVIS'),(3394,8,'SEOHEE HAM',73,'SHINO VANHOOSE'),(3450,35,'ROSA ACEVEDO',47,'KYRA BATARA'),(3451,34,'CASSIE RODISH',48,'STEPHANIE FRAUSTO'),(3454,31,'ALESHA ZAPPITELLA',51,'JAYME HINSHAW'),(3643,11,'SADAE SUZUMURA',73,'SHINO VANHOOSE'),(3707,33,'KANNA ASAKURA',52,'YASUKO TAMADA'),(3788,39,'KAIYANA RAIN',47,'KYRA BATARA'),(3791,36,'SO HEE LIM',50,'HANA DATE'),(3810,17,'AMBER BROWN',69,'LIZ McCARTHY'),(3857,58,'ANDY NGUYEN',29,'BI NGUYEN'),(3875,40,'STEPHANIE SKINNER',47,'KYRA BATARA'),(3966,38,'SAORI ISHIOKA',50,'HANA DATE'),(4087,7,'GINA INIONG',82,'VANESSA FERNANDEZ'),(4148,37,'SATOKO SHINASHI',53,'MISAKI TAKIMOTO'),(4168,17,'AMBER BROWN',73,'SHINO VANHOOSE'),(4250,27,'EMI TOMIMATSU',64,'PAN HUI'),(4259,18,'KIKUYO ISHIKAWA',73,'SHINO VANHOOSE'),(4517,42,'AYUMI SAITO',52,'YASUKO TAMADA'),(4518,41,'LISA ELLIS',53,'MISAKI TAKIMOTO'),(4647,8,'SEOHEE HAM',87,'ALYONA RASSOHYNA'),(4652,3,'JINH YU FREY',92,'CASSIE ROBB'),(4742,10,'MICHELLE WATERSON',86,'LACEY SCHUCKMAN'),(4750,2,'JODIE ESQUIBEL',94,'NICADALI RIVERA-CALANOC'),(5039,10,'MICHELLE WATERSON',89,'DIANA RAEL'),(5143,7,'GINA INIONG',93,'NATALIE HILLS'),(5836,49,'STEPHANIE ALBA',58,'ANDY NGUYEN'),(5840,45,'BIANCA SATTELMAYER',62,'THATY BERGAMASCHI'),(5951,43,'JUJEATH NAGAOWA',65,'JEET TOSHI'),(5975,19,'JULIA JONES',89,'DIANA RAEL'),(6052,52,'YASUKO TAMADA',57,'SATOMI TAKANO'),(6089,15,'JESSICA PENNE',94,'NICADALI RIVERA-CALANOC'),(6168,47,'KYRA BATARA',63,'JENNY SILVERIO'),(6177,38,'SAORI ISHIOKA',72,'BESTARE KICAJ'),(6185,30,'PAULINA GRANADOS',80,'JENNA SERIO'),(6281,46,'JENNY HUANG',65,'JEET TOSHI'),(6299,28,'SIMONA SOUKUPOVA',83,'ANNA BEZHENAR'),(6396,44,'KIRSTIE GANNAWAY',68,'APRIL OSENIO'),(6619,50,'HANA DATE',64,'PAN HUI'),(6621,48,'STEPHANIE FRAUSTO',66,'AMY DAVIS'),(6623,46,'JENNY HUANG',68,'APRIL OSENIO'),(6855,47,'KYRA BATARA',69,'LIZ McCARTHY'),(6977,43,'JUJEATH NAGAOWA',74,'YUKO KIRYU'),(7088,51,'JAYME HINSHAW',67,'MELISSA SOPHIA KARAGIANIS'),(7113,26,'GRACE CLEVELAND',92,'CASSIE ROBB'),(7206,53,'MISAKI TAKIMOTO',66,'AMY DAVIS'),(7285,95,'SHEILA PADILLA',25,'ALYSSA GARCIA'),(7829,45,'BIANCA SATTELMAYER',79,'AMANDA TORRES'),(8455,59,'ANNE FERREIRA',70,'MARIA OLIVEIRA'),(8848,62,'THATY BERGAMASCHI',70,'MARIA OLIVEIRA'),(8849,61,'THAIANE SOUZA',71,'SILVANIA MONTEIRO'),(8853,57,'SATOMI TAKANO',75,'JUNG EUN PARK'),(9001,43,'JUJEATH NAGAOWA',90,'THAROTH SAM'),(9123,56,'RENA KUBOTA',78,'DORA PERJES'),(9389,63,'JENNY SILVERIO',73,'SHINO VANHOOSE'),(9542,48,'STEPHANIE FRAUSTO',89,'DIANA RAEL'),(9665,64,'PAN HUI',74,'YUKO KIRYU'),(9946,64,'PAN HUI',76,'KYU KITANO'),(10096,56,'RENA KUBOTA',85,'HANNA TYSON'),(10235,60,'CATHERINE COSTIGAN',82,'VANESSA FERNANDEZ'),(10347,92,'CASSIE ROBB',51,'JAYME HINSHAW'),(10524,60,'CATHERINE COSTIGAN',84,'WENDY McKENNA'),(10822,55,'ALYSE ANDERSON',91,'TUSHEERA VEERELLA'),(11114,60,'CATHERINE COSTIGAN',88,'IRENE CABELLO'),(11120,54,'LIZBETH LOPEZ SILVA',94,'NICADALI RIVERA-CALANOC'),(11417,58,'ANDY NGUYEN',92,'CASSIE ROBB'),(12180,65,'JEET TOSHI',90,'THAROTH SAM'),(12652,67,'MELISSA SOPHIA KARAGIANIS',91,'TUSHEERA VEERELLA'),(12974,66,'AMY DAVIS',94,'NICADALI RIVERA-CALANOC'),(13133,69,'LIZ McCARTHY',92,'CASSIE ROBB'),(13134,68,'APRIL OSENIO',93,'NATALIE HILLS');
/*!40000 ALTER TABLE `bnpairs` ENABLE KEYS */;
UNLOCK TABLES;
/*!50003 SET @saved_cs_client      = @@character_set_client */ ;
/*!50003 SET @saved_cs_results     = @@character_set_results */ ;
/*!50003 SET @saved_col_connection = @@collation_connection */ ;
/*!50003 SET character_set_client  = utf8mb4 */ ;
/*!50003 SET character_set_results = utf8mb4 */ ;
/*!50003 SET collation_connection  = utf8mb4_unicode_ci */ ;
/*!50003 SET @saved_sql_mode       = @@sql_mode */ ;
/*!50003 SET sql_mode              = 'NO_AUTO_VALUE_ON_ZERO' */ ;
DELIMITER ;;
/*!50003 CREATE*/ /*!50017 DEFINER=`root`@`localhost`*/ /*!50003 TRIGGER `invalidate_contradictory_pairs` BEFORE INSERT ON `bnpairs`
 FOR EACH ROW BEGIN
	IF (EXISTS(SELECT 1 FROM bnpairs
        	WHERE PNet = NEW.PBarrier
        	AND PBarrier = NEW.PNet))
        OR
        (NEW.PBarrier = NEW.PNet)
    THEN
       SIGNAL SQLSTATE '45000'
       SET MESSAGE_TEXT = 'Cannot add row: invalid b/n pairs';
     END IF;
END */;;
DELIMITER ;
/*!50003 SET sql_mode              = @saved_sql_mode */ ;
/*!50003 SET character_set_client  = @saved_cs_client */ ;
/*!50003 SET character_set_results = @saved_cs_results */ ;
/*!50003 SET collation_connection  = @saved_col_connection */ ;

--
-- Table structure for table `fighters`
--

DROP TABLE IF EXISTS `fighters`;
/*!40101 SET @saved_cs_client     = @@character_set_client */;
/*!40101 SET character_set_client = utf8 */;
CREATE TABLE `fighters` (
  `FID` int(11) NOT NULL AUTO_INCREMENT,
  `FName` varchar(75) DEFAULT NULL,
  `FStreakSign` tinyint(4) DEFAULT NULL,
  `FStreakLength` int(11) DEFAULT NULL,
  `FWins` int(11) DEFAULT NULL,
  `FLosses` int(11) DEFAULT NULL,
  `FDraws` int(11) DEFAULT NULL,
  `FStatus` set('active','inactive','suspended') CHARACTER SET utf8 COLLATE utf8_bin NOT NULL,
  PRIMARY KEY (`FID`),
  UNIQUE KEY `FName` (`FName`)
) ENGINE=InnoDB AUTO_INCREMENT=96 DEFAULT CHARSET=utf8;
/*!40101 SET character_set_client = @saved_cs_client */;

--
-- Dumping data for table `fighters`
--

LOCK TABLES `fighters` WRITE;
/*!40000 ALTER TABLE `fighters` DISABLE KEYS */;
INSERT INTO `fighters` VALUES (1,'AYAKA HAMASAKI',-1,1,14,2,0,'active'),(2,'JODIE ESQUIBEL',-1,1,4,4,0,'active'),(3,'JINH YU FREY',-1,1,5,2,0,'active'),(4,'ANGELA LEE',1,7,7,0,0,'active'),(5,'ISTELA NUNES',1,5,5,0,0,'active'),(6,'HERICA TIBURCIO',1,2,11,4,0,'active'),(7,'GINA INIONG',1,2,5,2,0,'active'),(8,'SEOHEE HAM',-1,2,17,8,0,'active'),(9,'MEI YAMAGUCHI',-1,2,15,10,1,'active'),(10,'MICHELLE WATERSON',0,0,14,4,0,'inactive'),(11,'SADAE SUZUMURA',-1,1,5,2,1,'inactive'),(12,'MINA KUROBE',1,5,10,2,0,'active'),(13,'ASHLEY CUMMINS',1,2,5,3,0,'active'),(14,'CELINE HAGA',-1,1,10,14,0,'active'),(15,'JESSICA PENNE',0,0,12,4,0,'inactive'),(16,'NAHO SUGIYAMA',-1,1,12,5,0,'active'),(17,'AMBER BROWN',-1,3,6,4,0,'active'),(18,'KIKUYO ISHIKAWA',-1,1,9,4,0,'active'),(19,'JULIA JONES',1,5,5,0,0,'active'),(20,'TESSA SIMPSON',-1,1,5,2,0,'active'),(21,'TOMO MAESAWA',-1,1,7,7,0,'active'),(22,'HISAE WATANABE',0,1,20,6,1,'active'),(23,'JANAISA MORANDIN',1,9,9,0,0,'active'),(24,'YI JE LEE',1,3,3,2,0,'active'),(25,'ALYSSA GARCIA',-1,1,3,3,0,'active'),(26,'GRACE CLEVELAND',1,3,3,0,0,'active'),(27,'EMI TOMIMATSU',1,1,12,12,0,'active'),(28,'SIMONA SOUKUPOVA',1,1,6,5,1,'active'),(29,'BI NGUYEN',-1,1,3,1,0,'active'),(30,'PAULINA GRANADOS',1,2,4,2,0,'active'),(31,'ALESHA ZAPPITELLA',1,3,3,0,0,'active'),(32,'ARIELLE SOUZA',1,1,7,5,0,'active'),(33,'KANNA ASAKURA',1,2,7,2,0,'active'),(34,'CASSIE RODISH',1,1,5,4,0,'active'),(35,'ROSA ACEVEDO',1,1,4,2,0,'active'),(36,'SO HEE LIM',1,1,1,1,0,'active'),(37,'SATOKO SHINASHI',-1,1,35,3,1,'active'),(38,'SAORI ISHIOKA',1,1,15,10,0,'active'),(39,'KAIYANA RAIN',-1,1,1,3,0,'active'),(40,'STEPHANIE SKINNER',-1,2,4,7,0,'active'),(41,'LISA ELLIS',-1,3,15,11,0,'active'),(42,'AYUMI SAITO',-1,3,8,6,0,'inactive'),(43,'JUJEATH NAGAOWA',1,3,3,0,0,'active'),(44,'KIRSTIE GANNAWAY',1,2,2,0,0,'active'),(45,'BIANCA SATTELMAYER',-1,1,7,7,0,'active'),(46,'JENNY HUANG',-1,1,5,1,0,'active'),(47,'KYRA BATARA',-1,1,5,4,0,'active'),(48,'STEPHANIE FRAUSTO',-1,1,5,6,0,'active'),(49,'STEPHANIE ALBA',-1,2,3,2,0,'active'),(50,'HANA DATE',-1,1,2,4,0,'active'),(51,'JAYME HINSHAW',-1,2,1,4,0,'active'),(52,'YASUKO TAMADA',-1,2,15,10,0,'active'),(53,'MISAKI TAKIMOTO',-1,1,15,14,4,'active'),(54,'LIZBETH LOPEZ SILVA',1,4,4,3,0,'active'),(55,'ALYSE ANDERSON',1,3,3,0,0,'active'),(56,'RENA KUBOTA',1,4,4,0,0,'active'),(57,'SATOMI TAKANO',1,3,10,8,0,'active'),(58,'ANDY NGUYEN',1,3,5,3,0,'active'),(59,'ANNE FERREIRA',1,2,2,0,0,'active'),(60,'CATHERINE COSTIGAN',1,1,6,2,0,'active'),(61,'THAIANE SOUZA',1,1,4,3,0,'active'),(62,'THATY BERGAMASCHI',-1,1,6,1,0,'active'),(63,'JENNY SILVERIO',-1,1,4,2,0,'active'),(64,'PAN HUI',1,1,4,2,0,'active'),(65,'JEET TOSHI',-1,1,3,3,0,'active'),(66,'AMY DAVIS',1,1,4,4,0,'inactive'),(67,'MELISSA SOPHIA KARAGIANIS',-1,1,2,1,0,'active'),(68,'APRIL OSENIO',-1,1,2,2,0,'active'),(69,'LIZ McCARTHY',-1,3,2,4,0,'active'),(70,'MARIA OLIVEIRA',1,6,7,2,0,'active'),(71,'SILVANIA MONTEIRO',1,2,7,2,0,'active'),(72,'BESTARE KICAJ',-1,1,2,1,0,'active'),(73,'SHINO VANHOOSE',1,1,5,5,0,'active'),(74,'YUKI KIRYU',1,2,4,4,0,'active'),(75,'JUNG EUN PARK',1,1,2,2,1,'active'),(76,'KYU KITANO',-1,1,1,1,0,'active'),(77,'RIKA ISHIGE',1,1,1,0,0,'active'),(78,'DORA PERJES',-1,2,7,2,0,'active'),(79,'AMANDA TORRES',-1,1,6,4,0,'active'),(80,'JENNA SERIO',-1,1,3,2,0,'active'),(81,'SAMANTHA JEAN-FRANCOIS',-1,1,3,3,0,'active'),(82,'VANESSA FERNANDEZ',-1,1,2,2,0,'active'),(83,'ANNA BEZHENAR',-1,1,2,2,0,'active'),(84,'WENDY McKENNA',-1,1,1,1,0,'active'),(85,'HANNA TYSON',-1,1,1,1,0,'active'),(86,'LACEY SCHUCKMAN',-1,2,11,10,0,'active'),(87,'ALYONA RASSOHYNA',-1,2,10,4,0,'active'),(88,'IRENE CABELLO',-1,2,6,4,0,'active'),(89,'DIANA RAEL',-1,2,5,5,0,'active'),(90,'THAROTH SAM',-1,2,2,2,0,'active'),(91,'TUSHEERA VEERELLA',-1,2,1,2,0,'active'),(92,'CASSIE ROBB',1,1,6,4,0,'active'),(93,'NATALIE HILLS',-1,5,1,5,0,'active'),(94,'NICADALI RIVERA-CALANOC',-1,1,9,10,0,'inactive'),(95,'SHEILA PADILLA',1,1,3,1,0,'active');
/*!40000 ALTER TABLE `fighters` ENABLE KEYS */;
UNLOCK TABLES;

--
-- Table structure for table `fights`
--

DROP TABLE IF EXISTS `fights`;
/*!40101 SET @saved_cs_client     = @@character_set_client */;
/*!40101 SET character_set_client = utf8 */;
CREATE TABLE `fights` (
  `TID` int(11) NOT NULL AUTO_INCREMENT,
  `TWeightClass` set('HW','LHW','MW','WW','LW','FW','BW','FLW','WFW','WBW','WFLW','WSW','WAW') CHARACTER SET utf8 COLLATE utf8_bin NOT NULL DEFAULT 'WAW',
  `TLowerFighter` int(11) DEFAULT NULL,
  `THigherFighter` int(11) DEFAULT NULL,
  `TOutcome` set('win','lose','draw') DEFAULT NULL,
  `TDate` date NOT NULL,
  `TLowerStreak` bit(1) DEFAULT NULL,
  `THigherStreak` bit(1) DEFAULT NULL,
  PRIMARY KEY (`TID`),
  KEY `FLower_idx` (`TLowerFighter`),
  KEY `FHigher_idx` (`THigherFighter`)
) ENGINE=InnoDB AUTO_INCREMENT=72 DEFAULT CHARSET=utf8;
/*!40101 SET character_set_client = @saved_cs_client */;

--
-- Dumping data for table `fights`
--

LOCK TABLES `fights` WRITE;
/*!40000 ALTER TABLE `fights` DISABLE KEYS */;
INSERT INTO `fights` VALUES (1,'WAW',3,1,'lose','0000-00-00','','\0'),(2,'WAW',9,4,'lose','0000-00-00','',''),(3,'WAW',46,4,'lose','0000-00-00','',''),(4,'WAW',9,5,'lose','0000-00-00','',''),(5,'WAW',28,6,'lose','0000-00-00','\0',''),(6,'WAW',82,7,'lose','0000-00-00','',''),(7,'WAW',11,8,'lose','0000-00-00','','\0'),(8,'WAW',16,12,'lose','0000-00-00','',''),(9,'WAW',38,12,'lose','0000-00-00','\0',''),(10,'WAW',21,12,'lose','0000-00-00','\0',''),(11,'WAW',50,12,'lose','0000-00-00','\0',''),(12,'WAW',17,13,'lose','0000-00-00','',''),(13,'WAW',17,1,'lose','0000-00-00','','\0'),(14,'WAW',18,17,'lose','0000-00-00','','\0'),(15,'WAW',40,19,'lose','0000-00-00','',''),(16,'WAW',30,19,'lose','0000-00-00','',''),(17,'WAW',89,19,'lose','0000-00-00','',''),(18,'WAW',25,19,'lose','0000-00-00','\0',''),(19,'WAW',30,20,'lose','0000-00-00','','\0'),(23,'WAW',32,23,'lose','0000-00-00','\0',''),(24,'WAW',50,24,'lose','0000-00-00','\0',''),(25,'WAW',37,24,'lose','0000-00-00','',''),(27,'WAW',39,25,'lose','0000-00-00','','\0'),(28,'WAW',92,26,'lose','0000-00-00','\0',''),(29,'WAW',40,26,'lose','0000-00-00','',''),(30,'WAW',64,27,'lose','0000-00-00','\0',''),(31,'WAW',83,28,'lose','0000-00-00','',''),(33,'WAW',51,29,'lose','0000-00-00','','\0'),(34,'WAW',49,30,'lose','0000-00-00','',''),(35,'WAW',80,30,'lose','0000-00-00','',''),(36,'WAW',51,31,'lose','0000-00-00','\0',''),(37,'WAW',50,36,'lose','0000-00-00','',''),(38,'WAW',65,43,'lose','0000-00-00','\0',''),(39,'WAW',90,43,'lose','0000-00-00','',''),(40,'WAW',74,43,'lose','0000-00-00','\0',''),(41,'WAW',68,44,'lose','0000-00-00','\0',''),(42,'WAW',52,10,'lose','0000-00-00','','\0'),(43,'WAW',52,33,'lose','0000-00-00','','\0'),(44,'WAW',53,16,'lose','0000-00-00','','\0'),(45,'WAW',94,54,'lose','0000-00-00','',''),(46,'WAW',91,55,'lose','0000-00-00','',''),(47,'WAW',85,56,'lose','0000-00-00','',''),(48,'WAW',92,58,'lose','0000-00-00','\0',''),(49,'WAW',70,59,'lose','0000-00-00','\0',''),(50,'WAW',84,60,'lose','0000-00-00','',''),(51,'WAW',62,45,'lose','0000-00-00','','\0'),(52,'WAW',63,47,'lose','0000-00-00','','\0'),(53,'WAW',65,46,'lose','0000-00-00','','\0'),(54,'WAW',67,51,'lose','0000-00-00','','\0'),(55,'WAW',68,46,'lose','0000-00-00','','\0'),(56,'WAW',69,17,'lose','0000-00-00','','\0'),(57,'WAW',69,3,'lose','0000-00-00','','\0'),(58,'WAW',87,8,'lose','0000-00-00','','\0'),(59,'WAW',90,65,'lose','0000-00-00','','\0'),(60,'WAW',91,67,'lose','0000-00-00','','\0'),(61,'WAW',93,68,'lose','0000-00-00','','\0'),(62,'WAW',92,51,'win','0000-00-00','',''),(63,'WAW',56,78,'win','0000-00-00','',''),(64,'WAW',38,72,'win','0000-00-00','',''),(65,'WAW',31,49,'win','0000-00-00','',''),(66,'WAW',95,25,'win','0000-00-00','',''),(67,'WAW',58,29,'win','0000-00-00','',''),(68,'WAW',7,93,'win','0000-00-00','',''),(69,'WAW',64,76,'win','0000-00-00','',''),(70,'WAW',57,21,'win','0000-00-00','',''),(71,'WAW',6,20,'win','0000-00-00','','');
/*!40000 ALTER TABLE `fights` ENABLE KEYS */;
UNLOCK TABLES;

--
-- Table structure for table `rankings`
--

DROP TABLE IF EXISTS `rankings`;
/*!40101 SET @saved_cs_client     = @@character_set_client */;
/*!40101 SET character_set_client = utf8 */;
CREATE TABLE `rankings` (
  `RID` int(11) NOT NULL AUTO_INCREMENT,
  `RWeightClass` set('HW','LHW','MW','WW','LW','FW','BW','FLW','WFW','WBW','WFLW','WSW','WAW') CHARACTER SET utf8 COLLATE utf8_bin NOT NULL DEFAULT 'WAW',
  `RWeightPlace` int(11) DEFAULT NULL,
  `RFighter` int(11) NOT NULL,
  `RName` varchar(100) NOT NULL,
  `RLevel` int(11) DEFAULT NULL,
  `RLevelPlace` int(11) DEFAULT NULL,
  PRIMARY KEY (`RID`),
  KEY `FID_idx` (`RFighter`),
  CONSTRAINT `fk_fid_in_rankings` FOREIGN KEY (`RFighter`) REFERENCES `fighters` (`FID`) ON DELETE CASCADE ON UPDATE CASCADE
) ENGINE=InnoDB AUTO_INCREMENT=96 DEFAULT CHARSET=utf8;
/*!40101 SET character_set_client = @saved_cs_client */;

--
-- Dumping data for table `rankings`
--

LOCK TABLES `rankings` WRITE;
/*!40000 ALTER TABLE `rankings` DISABLE KEYS */;
INSERT INTO `rankings` VALUES (1,'WAW',1,1,'AYAKA HAMASAKI',14,1),(2,'WAW',2,2,'JODIE ESQUIBEL',14,2),(3,'WAW',3,3,'JINH YU FREY',13,1),(4,'WAW',4,4,'ANGELA LEE',12,1),(5,'WAW',5,5,'ISTELA NUNES',12,2),(6,'WAW',6,6,'HERICA TIBURCIO',12,3),(7,'WAW',7,7,'GINA INIONG',12,4),(8,'WAW',8,8,'SEOHEE HAM',12,5),(9,'WAW',9,9,'MEI YAMAGUCHI',11,1),(10,'WAW',10,10,'MICHELLE WATERSON',11,2),(11,'WAW',11,11,'SADAE SUZUMURA',11,3),(12,'WAW',12,12,'MINA KUROBE',10,1),(13,'WAW',13,13,'ASHLEY CUMMINS',10,2),(14,'WAW',14,14,'CELINE HAGA',10,3),(15,'WAW',15,15,'JESSICA PENNE',10,4),(16,'WAW',18,16,'NAHO SUGIYAMA',9,1),(17,'WAW',19,17,'AMBER BROWN',9,2),(18,'WAW',21,18,'KIKUYO ISHIKAWA',8,1),(19,'WAW',16,19,'JULIA JONES',10,5),(20,'WAW',24,20,'TESSA SIMPSON',7,1),(21,'WAW',33,21,'TOMO MAESAWA',5,1),(22,'WAW',34,22,'HISAE WATANABE',5,2),(23,'WAW',37,23,'JANAISA MORANDIN',4,1),(24,'WAW',38,24,'YI JE LEE',4,2),(25,'WAW',20,25,'ALYSSA GARCIA',9,3),(26,'WAW',25,26,'GRACE CLEVELAND',7,2),(27,'WAW',39,27,'EMI TOMIMATSU',4,3),(28,'WAW',40,28,'SIMONA SOUKUPOVA',4,4),(29,'WAW',43,29,'BI NGUYEN',3,1),(30,'WAW',27,30,'PAULINA GRANADOS',6,1),(31,'WAW',28,31,'ALESHA ZAPPITELLA',6,2),(32,'WAW',44,32,'ARIELLE SOUZA',3,2),(33,'WAW',22,33,'KANNA ASAKURA',8,2),(34,'WAW',45,34,'CASSIE RODISH',3,3),(35,'WAW',29,35,'ROSA ACEVEDO',6,3),(36,'WAW',46,36,'SO HEE LIM',3,4),(37,'WAW',47,37,'SATOKO SHINASHI',3,5),(38,'WAW',48,38,'SAORI ISHIOKA',3,6),(39,'WAW',30,39,'KAIYANA RAIN',6,4),(40,'WAW',31,40,'STEPHANIE SKINNER',6,5),(41,'WAW',49,41,'LISA ELLIS',3,7),(42,'WAW',23,42,'AYUMI SAITO',8,3),(43,'WAW',51,43,'JUJEATH NAGAOWA',2,1),(44,'WAW',52,44,'KIRSTIE GANNAWAY',2,2),(45,'WAW',53,45,'BIANCA SATTELMAYER',2,3),(46,'WAW',54,46,'JENNY HUANG',2,4),(47,'WAW',35,47,'KYRA BATARA',5,3),(48,'WAW',55,48,'STEPHANIE FRAUSTO',2,5),(49,'WAW',36,49,'STEPHANIE ALBA',5,4),(50,'WAW',56,50,'HANA DATE',2,6),(51,'WAW',57,51,'JAYME HINSHAW',2,7),(52,'WAW',26,52,'YASUKO TAMADA',7,3),(53,'WAW',58,53,'MISAKI TAKIMOTO',2,8),(54,'WAW',59,54,'LIZBETH LOPEZ SILVA',1,1),(55,'WAW',60,55,'ALYSE ANDERSON',1,2),(56,'WAW',61,56,'RENA KUBOTA',1,3),(57,'WAW',32,57,'SATOMI TAKANO',6,6),(58,'WAW',41,58,'ANDY NGUYEN',4,5),(59,'WAW',62,59,'ANNE FERREIRA',1,4),(60,'WAW',63,60,'CATHERINE COSTIGAN',1,5),(61,'WAW',64,61,'THAIANE SOUZA',1,6),(62,'WAW',65,62,'THATY BERGAMASCHI',1,7),(63,'WAW',66,63,'JENNY SILVERIO',1,8),(64,'WAW',67,64,'PAN HUI',1,9),(65,'WAW',68,65,'JEET TOSHI',1,10),(66,'WAW',69,66,'AMY DAVIS',1,11),(67,'WAW',70,67,'MELISSA SOPHIA KARAGIANIS',1,12),(68,'WAW',71,68,'APRIL OSENIO',1,13),(69,'WAW',42,69,'LIZ McCARTHY',4,6),(70,'WAW',72,70,'MARIA OLIVEIRA',0,1),(71,'WAW',73,71,'SILVANIA MONTEIRO',0,2),(72,'WAW',74,72,'BESTARE KICAJ',0,3),(73,'WAW',75,73,'SHINO VANHOOSE',0,4),(74,'WAW',76,74,'YUKO KIRYU',0,5),(75,'WAW',77,75,'JUNG EUN PARK',0,6),(76,'WAW',78,76,'KYU KITANO',0,7),(77,'WAW',79,77,'RIKA ISHIGE',0,8),(78,'WAW',80,78,'DORA PERJES',0,9),(79,'WAW',81,79,'AMANDA TORRES',0,10),(80,'WAW',82,80,'JENNA SERIO',0,11),(81,'WAW',83,81,'SAMANTHA JEAN-FRANCOIS',0,12),(82,'WAW',84,82,'VANESSA FERNANDEZ',0,13),(83,'WAW',85,83,'ANNA BEZHENAR',0,14),(84,'WAW',86,84,'WENDY McKENNA',0,15),(85,'WAW',87,85,'HANNA TYSON',0,16),(86,'WAW',88,86,'LACEY SCHUCKMAN',0,17),(87,'WAW',89,87,'ALYONA RASSOHYNA',0,18),(88,'WAW',90,88,'IRENE CABELLO',0,19),(89,'WAW',91,89,'DIANA RAEL',0,20),(90,'WAW',92,90,'THAROTH SAM',0,21),(91,'WAW',93,91,'TUSHEERA VEERELLA',0,22),(92,'WAW',50,92,'CASSIE ROBB',3,8),(93,'WAW',94,93,'NATALIE HILLS',0,23),(94,'WAW',95,94,'NICADALI RIVERA-CALANOC',0,24),(95,'WAW',17,95,'SHEILA PADILLA',10,6);
/*!40000 ALTER TABLE `rankings` ENABLE KEYS */;
UNLOCK TABLES;
/*!40103 SET TIME_ZONE=@OLD_TIME_ZONE */;

/*!40101 SET SQL_MODE=@OLD_SQL_MODE */;
/*!40014 SET FOREIGN_KEY_CHECKS=@OLD_FOREIGN_KEY_CHECKS */;
/*!40014 SET UNIQUE_CHECKS=@OLD_UNIQUE_CHECKS */;
/*!40101 SET CHARACTER_SET_CLIENT=@OLD_CHARACTER_SET_CLIENT */;
/*!40101 SET CHARACTER_SET_RESULTS=@OLD_CHARACTER_SET_RESULTS */;
/*!40101 SET COLLATION_CONNECTION=@OLD_COLLATION_CONNECTION */;
/*!40111 SET SQL_NOTES=@OLD_SQL_NOTES */;

-- Dump completed on 2017-05-30 10:32:16
